title,locate,tag,numOfPeople,totalMoney,percentage,author
登上2018年福布斯榜的他，让年轻人从零食里吃出自己的态度,杭州市,休闲,102,8057580,805758.00,郭竞
20年深耕，把“有机高端食材”端上中国人的餐桌！,苏州市,农业,194,2700062,2700.06,顾海明
香天下火锅，征服英国首相的一口好锅,无锡市,餐饮,50,1650002,3300.00,朱弘
在内蒙古大草原“种”出来的大米，不比五常大米差,呼伦贝尔市,农业,35,207656,10382.80,沃小枫
酿酒熊席卷魔都，新概念酿造体验店入驻“陆家嘴后花园”,浦东新区,餐饮,63,2430002,4860.00,黄竞进
行走的网红杯，一碗鲜香入魂,厦门市,餐饮,79,96025,1920.50,林文钦
摒弃膨化油腻！摒弃清淡寡味！国产麦片界扛把子王饱饱来啦,杭州市,休闲,79,35138,7027.60,姚婧
冬令进补，为你把二十四节气的关怀送到你爱的人身边,杭州市,农业,25,21564,1078.20,竺啸恒
一群人，一辈子，只为解决一个头部问题,北京市,休闲,6,300000,30000.00,吴庆辉
Darling，香薰是我秘而不宣的另一面,朝阳区,休闲,94,70193,7019.30,熊若君
从庙堂到江湖，《我在故宫修文物》姊妹篇来了,杭州市,休闲,313,39902,798.04,萧寒
袁隆平亲题“中国黄花菜之乡”，这口黄花菜提了满桌的鲜,衡阳市,农业,131,16664,833.20,周军
每天8W人排队打卡，迪士尼边让你梦回童年,浦东新区,酒店,32,1080001,1080.00,王志超
Beauty kei，让漂亮这件事儿回归简单和天然,昆明市,休闲,29,84370,8437.00,王艳
面朝大海，吃住一体，宅这里又来了！,厦门市,民宿,173,5016001,10032.00,郑少琼
100%好评率的秘密，藏在松赞林寺旁的小院里,迪庆藏族自治州,酒店,80,1740000,1740.00,容立红
打造泛电影娱乐私人空间，梦想空间带你进入观影2.0时代,上海市,休闲,27,775001,1550.00,冯启耀
小小特工引入全息智能设备，打造1-12岁一站式运动培训体系,上海市,休闲,10,500001,1000.00,田新建
1538软黄金羊绒衣，好莱坞明星都爱穿它,广州市,休闲,95,120905,2418.10,韩滨
TFS开启密室3.0娱乐时代，王思聪、谢娜、贾玲纷纷打卡,朝阳区,休闲,46,2025000,4050.00,满毅
在神田川，寻找属于你的美味N次方,杭州市,餐饮,10,3086000,61720.00,林晨
愿你我锈迹斑斑，还走在最初的路上,珠海市,休闲,39,34979,1165.97,程美慧
把诗画山水玩出极限挑战，把世间百味变出舌尖中国，只在这里！,桂林市,民宿,116,4410005,4410.01,何君忠
京城甜点排行榜top3，置身花店享受高颜值健康甜品,朝阳区,餐饮,120,3240002,6480.00,童欣
房间有彩虹，食物会漂浮，厦门这家科幻风的酒店太不可思议！,厦门市,民宿,38,4701842,4701.84,杨阳
吸猫美食两不误，王源、胡杏儿等众多明星纷纷打卡,朝阳区,餐饮,120,5662797,11325.59,席树婷
沿着海岸线，思奔在深圳的另一面,深圳市,民宿,98,1560002,3120.00,冯锐
23年开1000+店，一起来创造酒店新传奇,舟山市,酒店,204,5085005,5085.01,张立秦
文青晒单必备，国啤良心从废墟开始,成都市,餐饮,64,7460,746.00,张仁波
用这只被央视推荐的大闸蟹，满足你对金秋蟹宴的一切幻想,南京市,农业,170,678594,67859.40,储惜洲
九珍云南，藏在滇池旁的山珍好味,昆明市,餐饮,167,5080003,10160.01,李兆西
你吃过苹果，但不一定比“果燃35°”更撩舌尖！,南京市,农业,51,470941,2354.70,罗雨露
五条人糖水风暴，给我们的生活加点甜,厦门市,餐饮,159,700022,1400.04,张永强
《前任攻略3》取景地，成都冲浪滑水爱好者聚集地,成都市,休闲,11,330001,660.00,肖舜铭
跨越大半个中国后，他选择回归家乡，打造一座四季民宿,威海市,民宿,22,475022,475.02,薛睿
798机遇空间——全新的第三生活空间,朝阳区,休闲,57,26420,2642.00,李雪冰
大理不止苍山洱海，还有一片叫“紫玉萝”的萝卜园！,大理白族自治州,农业,318,3022992,60459.84,赵敏
风靡全上海的青旅酒店又来了！空集颠覆你的认知,杨浦区,民宿,170,6735010,6735.01,杨柳
盯着你好好吃饭的，除了姆妈还有晴海妈妈，成都纯口碑便当来袭,成都市,餐饮,24,3297000,6594.00,曾琼鸰
用一个枕头，拯救一场失眠,杭州市,休闲,227,558371,11167.42,戴云飚
五年开了四家民宿，这一次邀你醉卧千年古城,台州市,民宿,121,3225126,3225.13,章万清
带孩子去旅行，回到三只企鹅的家,西安市,民宿,88,1765001,3530.00,马新颖
可以带皮吃的涌泉蜜桔，出汁率高达95%，每一口都汁水四溢,台州市,农业,229,2525818,2525.82,周平
享誉全球的丽世酒店，带你探寻茶马古道上的秘境,丽江市,休闲,9,51002,1020.04,刘颖莹
睡进海洋图书馆，梦里会有鱼上岸,深圳市,休闲,370,136189,2723.78,沈晓鸣
3天热销400多万的网红人参蜜，专业投资人带头掀起养生新热潮,杭州市,农业,135,4285000,85700.00,叶子倩
当“敬老”院不再敬老，五年后中国2.8亿老人如何享受岁月静好,杭州市,休闲,12,129992,12999.20,陈金才
在抖音上比厦门更火的城市，这家民宿拉开窗帘就能看见开元古寺,泉州市,民宿,44,825000,1650.00,陈及滨
容老爷，我家的酱料牛杂很好吃,广州市,餐饮,58,4060000,81200.00,容慧婷
赚钱是最深刻的修行，北大学霸用一碗佛系拌面来治愈都市人的焦虑,徐汇区,餐饮,37,4553600,9107.20,李峰
上海胡庆余堂的即食燕窝，你不来试试吗？,上海市,农业,109,2225496,44509.92,胡存超
植物手作大神狂撩1000万粉丝，邀你一起给城市“变装”！,漳州市,休闲,410,2277873,113893.65,陈茹萍
20多个复合菌群发酵的酵素，负责你的“内在”美,北京市,休闲,112,122185,12218.50,傅丽丽
FUSION，世界百大DJ聚集地，魔都夜生活老炮们的精神圣地,黄浦区,休闲,89,6750051,13500.10,钟生晴
私奔到元阳，归园田居,红河哈尼族彝族自治州,民宿,144,4110053,4110.05,王卫东
说要把洪金甲做成中国的可口可乐，他们都以为我不是认真的,苏州市,餐饮,93,1500352,15003.52,李森林
当中香界遇到花间堂，红尘处，庭院深深,丽江市,民宿,89,4451204,4451.20,王琴
辐射30万活跃家庭，真正懂亲子空间的海饼干又来了！,成都市,餐饮,54,1944001,1944.00,许宪
来自泰国东部的全能椰子油， 麦迪尔的下一个爆款产品,厦门市,休闲,103,613888,30694.40,巫井伊
在世界最深的湖中，接一个最深的吻,伊尔库茨克,休闲,71,845712,8457.12,宋虓虓
Chotto，藏在深圳的美食花园,深圳市,餐饮,108,1070001,2140.00,李素
聪慧也可以不绝顶，美丽从头开始,北京市,休闲,108,40496,4049.60,吴庆辉
这颗撕着吃的红心火龙果里，藏着淡淡玫瑰香,金华市,农业,64,9630,963.00,汤湘濡
不一样的丽江古城，不一样的香叙美宿,丽江市,民宿,88,1977503,3955.01,许敏奇
BrewBear智能精酿吧，打造开店新概念！,长宁区,餐饮,39,2652000,5304.00,黄竞进
入围金堂奖设计酒店，飞鸟集打造年轻人的一站式服务,南昌市,酒店,51,3200011,6400.02,杨帆
3年开出13家酒店，维也纳“一哥”带你席卷侨乡,南宁市,酒店,41,2140004,2140.00,李东军
在鄂西秘境，隐于山水，6个知己，就是一整个茶书江湖,恩施土家族苗族自治州,民宿,101,2415003,4830.01,黄秋珍
洛川红富士苹果，来自苹果之乡的真正好味道,延安市,农业,85,42036,840.72,李鹏娜
这栋3400平的海边大别墅，提供三亚度假的100种生活,三亚市,民宿,90,2044062,4088.12,潘微
这个秋天，让我带你品尝真正的五常大米！,哈尔滨市,农业,300,128041,2560.82,孙铭瑶
千年木渎，苏式建筑，用高新技术引领未来居住,苏州市,民宿,97,4110055,4110.06,胡建光
1亿会员加持的桔子酒店，遇上北上海最大商业综合体,虹口区,酒店,140,6515603,6515.60,杨斌
张艺谋倾心，好莱坞钦定，中国地理都打卡之地，有一个艺术家村落,武隆区,民宿,50,1470001,1470.00,颜军
关茶，关于抹茶的一万种可能,朝阳区,休闲,731,2950757,59015.14,小关
长白山脉有一颗等待你的神草人参,通化市,农业,7,7129,14.26,于丛龙
山之巅，林之间，有一片你我心中向往的梦田,宁德市,农业,28,116276,5813.80,唐振
来吧，一口吃下两千年,长沙市,农业,83,2612338,261233.80,何洁
在“绿色仙境”李八姑后代带领千户茶农造就6000亩茶园！,恩施土家族苗族自治州,农业,40,1140063,1140.06,刘小英
多喝水，喝海水,广州市,休闲,52,407204,20360.20,陈涛
做即食海鲜的领跑者，渔人小胖，让吃顿海鲜很简单,烟台市,农业,167,1135261,113526.10,王国明
吃一口让你大喊“Amazing”的正泰，又双叒来了！,北京市,餐饮,123,4575008,4575.01,刘明明
把高级定制做到专利，难怪吴秀波也爱她,广州市,休闲,60,590001,1180.00,于士红
百部影视剧取景地，大师们手工复原了百年前的豪宅,台州市,民宿,98,6850012,6850.01,赵舒佳
撩你，有这一腿就够了，Sea Spa美腿馆再次来袭！,西安市,休闲,35,8050000,805000.00,雷雨
十月里，给金秋一场甜甜的“蟹”逅,南京市,农业,10,28882,2888.20,李云珍
这一袋地瓜干，红遍日本和韩国,龙岩市,农业,114,1720015,3440.03,钱师杰
挑战第14座8000米高峰，致敬平凡生活的英雄主义,日喀则市,休闲,326,96615,1932.30,刘震东
「珠宝+咖啡」，轻奢主义者的生活空间,昆明市,休闲,110,1460003,1460.00,张淑娟
张艺谋作品《影》联名款，用一颗流心月饼震撼你的味蕾！,上海市,休闲,181,66229,1324.58,蒙莎
厦一站，在海边时光漫步,厦门市,民宿,65,1176051,1176.05,雷鑫
这只自带榫卯结构的马克杯，让喝水饮茶的每个瞬间都变有趣,福州市,休闲,100,33594,3359.40,马海亦
入住率101，第五代酒店来袭，酒店「地王」捕手下一个爆款是？,成都市,民宿,107,5000007,5000.01,陈庆贵
疯辣，首创爆款“小熊锅底”，更是100万+火锅爱好者的聚集地,杭州市,餐饮,86,2766013,1383.01,张雷
全国第一家蛋雕主题客栈，在准5A景区铜官窑古镇内，等你来翻牌,长沙市,民宿,54,2175001,2175.00,黄晖
承包年游客收益13亿+的山头？「宿树」要领跑整个川北民宿,广元市,民宿,45,1743003,1743.00,邢程
来自日本的阳光玫瑰，被称为葡萄界的爱马仕,杭州市,农业,38,133520,2670.40,程小平
后海的老北京四合院+高端黑科技酒店，试营业入住率93%？,北京市,民宿,169,8448003,8448.00,钟铠臣
你不是第二个谁，恒丽医美，让你做自己,杭州市,休闲,106,4473024,4473.02,郑慧佳
海南泰甜蜜，水果很好吃,陵水黎族自治县,农业,196,7280010,7280.01,苏志宏
1年卖1.5亿的优质床品，正在掀起“裸睡风暴”,宁波市,休闲,230,3864346,77286.92,王治全
这个可以触摸天堂的地方，藏着接待率90%的秘密,迪庆藏族自治州,休闲,23,755005,755.00,和魁红
27年餐饮老炮打造的火锅王国，用特色龙虾锅征服你,北京市,餐饮,83,2412503,2412.50,郑赏爽
「三勒浆小绿瓶」全网首发，曾经的备考神器，现在的疲劳救星,成都市,休闲,135,1226902,61345.10,陈奕帆
用24个塑料瓶做的包包这么潮？连可口可乐壹基金都来了！,徐汇区,休闲,208,41705,834.10,黄宁宁
他土法养蟹34年，送到你餐桌上的大闸蟹，只只膏满肉肥,苏州市,农业,118,29311,586.22,鲍建康
除了西子湖畔，西湖区居然还藏着城市最近的农耕生活,杭州市,民宿,101,2745011,2745.01,傅丽萍
一站式人宠互动王国，打造宠物书咖新模式,杭州市,休闲,46,690826,6908.26,林敏
《世间所有的无眠，都是因为睡错了风景》,杭州市,休闲,751,44426,14808.67,夏雨清
轻奢精品连锁酒店维也纳，给你在拉萨安了一个家,拉萨市,酒店,42,2541001,2541.00,王书瑞
3年300+门店，单日营业额突破7万，九田家烧肉魔都新选择,浦东新区,餐饮,58,3360002,6720.00,杨安
在重新定义成都生活方式的太古里，私飨正打造着川菜之美,成都市,餐饮,121,3150001,3150.00,姚舒
270°的稻田、山水一色的湖泊、睡进理想生活的床，在青丘,文山壮族苗族自治州,民宿,97,4740018,4740.02,柯有锐
也只有在厦门，觅见这样的甜美,厦门市,民宿,155,5850000,5850.00,赵冬冬
半岛摄影14年，撰写行业白皮书，记录120万家庭孕童美妙瞬间,南京市,休闲,14,324000,648.00,巫海峰
4亿人流量的太古里，他用奢华的公寓给你精致生活,成都市,民宿,94,4083040,4083.04,滕飞
北海之南，有一栋海边的大房子,北海市,民宿,152,4090003,4090.00,陈祖纯
苏渔水产，激活阳澄湖大闸蟹产业链,苏州市,农业,33,229462,22946.20,顾敏杰
在耍都的宇宙中心春熙路上，他装下了一个“千面”成都,成都市,酒店,47,2230801,2230.80,文小兵
连南宋皇帝都种草的宫廷糕点，精致到不舍得入口,金华市,餐饮,151,7550000,755000.00,王伟华
高山荒野的茶香，落入浴缸中,丽水市,休闲,246,108887,10888.70,杨慧娟
铂涛IU，入驻帝都老街里的年轻酒店品牌，住过的人都说值,北京市,酒店,131,8175001,8175.00,王睿斌
唤醒时光里的配得感，回归艺术珠宝的温度,成都市,休闲,54,2050060,2050.06,杨紫葳
3年18店，这家被蒂芙尼蓝填满的美甲店，要做美甲圈“优衣库”,杭州市,休闲,68,1470794,735.40,常虹
这个网神很不一样，跟电竞玩在一起,海口市,休闲,13,328001,328.00,黄勇兵
广东除了妃子笑，还有一口难忘滋味的黄金奈李,韶关市,农业,16,36888,3688.80,林根财
理工男的匠心坚持，喝羊奶长大的大荔冬枣,渭南市,农业,221,97498,9749.80,李伟东
成功经营4家公司的尚学社，又被粉丝追着开民宿？,西安市,民宿,103,2162301,2162.30,刘若琦
湘东米酒，慰藉异乡闯荡的你,衡阳市,农业,97,41563,4156.30,陈合林
一方让焦裕禄魂牵梦绕的土地，如今已瓜果飘香,开封市,农业,80,2650015,2650.02,杨超飞
小孩才炫logo，大人只穿订制,杭州市,休闲,20,263194,2631.94,王旭卿
一家可以吃火锅的健身房，让健身不再反人性,杭州市,休闲,23,710208,355.10,韩洋
2年新氧0差评记录，芬迪要打造长三角大众医美连锁品牌,杭州市,休闲,49,1332001,1332.00,李阿友
中央工厂冷链配送，U.ME CAKE定制你的专属甜蜜,上海市,餐饮,67,1625002,3250.00,陈筱裕
北居无界，拥一座自己的“山城”,北碚区,民宿,28,577560,577.56,彭玉兰
松茸——生活在丽江安盛庄园里无可复制的森林精灵,丽江市,农业,37,2202661,73422.03,李兆西
听昆曲绝唱，品巴城名肴，金秋十月，肥蟹围城,苏州市,农业,33,54858,548.58,洪赛
下一个即将刷爆魔都的“破”酒店，前身竟是造船厂！,黄浦区,民宿,262,8835741,8835.74,有在•伍合伙人
未来食物「液体便当」来了！3分钟搞定吃饭这件小事,杭州市,休闲,476,1072377,21447.54,伯恩
月均接待1.2万+的他湘遇见你，让你在魔都品尝湖南正宗美味,上海市,餐饮,113,5880006,5880.01,冯绘霖
如花美宿，为城市旅人留一盏灯,广州市,酒店,57,1170001,2340.00,苏焕仪
每一个不甘平庸的人，都应该有一件自己的柴烧,无锡市,休闲,29,59791,1195.82,车继明
帝都五星级慢病养生中心，每一次调理都是对健康的呵护,北京市,休闲,53,178251,17825.10,董明辉
小红书、抖音都在安利，刷爆朋友圈的比邻要开第二家民宿了！,三亚市,民宿,131,4950010,4950.01,但敏
岁月从不败美人，熙之让医美回归医疗本质,成都市,休闲,78,3042000,2535.00,程海钦
28800秒的滴滴萃取， 给你一个开袋即享的清凉夏日！,上海市,餐饮,80,10243,1024.30,侯永璞
连俞敏洪先生都支持的沙米，正在让沙漠变成绿洲,通辽市,农业,120,207485,207.49,滕学军
这片薰衣草庄园，藏着紫色大海的传说,泰州市,休闲,49,1210000,1210.00,申晓明
藏在四方街旁的“食宿”综合体，造一方月上的家,丽江市,民宿,250,2862108,2862.11,蔡蔚
顾客回头率80%的泰悠然，带你探索魔都五星评分的SPA馆,黄浦区,休闲,128,7800009,7800.01,苏文星
从影视艺人到拉面匠人，十八年坚守，漂洋过海而来的明星拉面馆,上海市,餐饮,93,2200203,4400.41,张杰
广州人爱吃的一碗牛杂，就叫容老爷,广州市,餐饮,50,325000,650.00,容慧婷
一盏马灯酒，照亮夜行人,遵义市,餐饮,11,232528,4650.56,陈剑波
卖银12年，银器就是我的语言,南京市,休闲,17,129400,2588.00,姜炤
甜蜜蜜火龙果，“甜补”红火间的静谧,河源市,农业,49,3537,176.85,黄启明
68年传统的宝海酿造，用纯天然资源创造世界名酒,上海市,农业,35,103022,10302.20,林志鲜
在深圳，IH就是美红！,深圳市,餐饮,151,2010000,2010.00,邹斯勃
在陶渊明的世外桃源里，筑造一方休憩地,文山壮族苗族自治州,酒店,27,345045,345.05,刘海燕
步行1分钟即达5A级景区西塘古镇，他让客人居住在艺术馆里！,嘉兴市,酒店,52,3880005,7760.01,陈晓翔
这群骄傲的木匠要把专业的共享木工坊带到武汉,武汉市,休闲,116,2561051,12805.25,汪甜
487户蜂农酿造的土蜂蜜，为你揭秘从0到2100万的突破,广元市,农业,77,4920001,4920.00,王淑娟
千年传承的奉化水蜜桃，每100个桃子，只有一个桃王,宁波市,农业,112,307228,6144.56,蒋咪
346亩野生林场，传承180年古法耕种，只为一朵野生“白莲”,巴中市,农业,145,1431510,2863.02,黎涛
一碗能发芽的活米，是健康生活方式的开始,沈阳市,农业,41,23613,2361.30,刘巍巍
15年杭城老牌美业“三菩提”，开创女性第三生活空间,杭州市,休闲,61,1180002,1180.00,王飞燕
大陆阿里山上，137万株「喝豆浆长大」的乌龙好茶,厦门市,农业,107,193653,9682.65,许晓桢
5000元帮您开一家智能精酿啤酒工坊,南京市,餐饮,50,344050,6881.00,韩汝忠
以极简的方式，让“冰岛”不再遥不可及,临沧市,农业,46,95640,191.28,张宇
上海露香水蜜桃，咪道老好了！,浦东新区,农业,197,220341,4406.82,仇明惠
超级物种，天山下的水果王国,阿克苏地区,农业,193,10634680,10634.68,曾湘娥
拥有「泰国绿卡」的民宿，国人在海外的另一个家,徐州市,民宿,60,1603724,1603.72,李娜
用一颗无添加的纯手工鱼丸，留住即将遗失的至味,淮安市,农业,139,44971,4497.10,孙兰
100%入住率的智派公寓，又来啦！,深圳市,酒店,130,5187004,5187.00,李雅娟
Amazing！唤起你漫步曼谷街头的美味记忆，正泰二度来袭,北京市,餐饮,81,3425001,3425.00,刘明明
让人无法抗拒的超高颜值烘焙店，圆你一道彩虹色的梦,北京市,餐饮,23,4600000,460000.00,邹寒露
枕着国宝入睡，当真不来一场博物馆奇妙之夜吗？,苏州市,民宿,77,1960003,1960.00,王州育
来绽放的大本营，过两天精致悠闲的苏式小隐生活,苏州市,休闲,18,40204,804.08,袁永任
以色列团队、中国热作院合作的26度果园，打造600亩芒果地标,攀枝花市,农业,150,5803741,5803.74,卜凡
遇见型象，让你的生活不将就，更有型！,福州市,民宿,130,3569003,3569.00,邓建华
在雅鲁藏布大峡谷里，建一座面朝南迦巴瓦峰的石头房子,林芝市,民宿,14,399000,399.00,扎西
一瓶爆款IP精酿，定制你的与众不同,南京市,餐饮,141,102396,204.79,王彦入
太湖边，这家民宿有点鲜,苏州市,民宿,147,2074118,2074.12,沈俊
十年努力为艺术变现，打造五星级酒店内的商业艺术空间,杭州市,休闲,13,610000,12200.00,陈堃
熬煮八小时的汤底，这一口火锅要让食物本味尽现,杭州市,餐饮,46,810002,810.00,余昌松
龙泉郭家兴宝剑，大国非遗工匠之作,丽水市,休闲,25,66876,668.76,郭家兴
自建4000㎡物流中心，打造“农庄+物联+餐饮”全产业链王国,丽江市,餐饮,74,3789587,315.80,和景桥
后海的这家冲浪俱乐部，可以告诉你自由的N种方式,三亚市,民宿,124,4351552,4351.55,袁孟
这家广州城市民宿，把每间客房做成网红,广州市,民宿,152,1368000,2736.00,陈亮
5年打造的北隍城岛海洋综合体，为你打开2700亩“海底银行”,烟台市,农业,302,18120031,18120.03,王兆信
年均1000吨产能的深耕，与您共建854.11亩生态农场,安顺市,农业,57,3870010,3870.01,罗莉
搜合体，高级定制服装的魅力，只为你一人绽放。,北京市,休闲,165,692048,6920.48,郝一凡
18年积累，5000亩基地，我想再造一个葡萄王国,南平市,农业,40,5313332,265666.60,吴良麟
自带30万粉丝的视频媒体——心灵复苏，要开第三家民宿了,保山市,民宿,42,1120001,2240.00,王继军
成龙跑来拍电影，万亩梯田，七星伴月，摄影家的天堂之地,桂林市,民宿,21,1040001,2080.00,李漓云
《前任3》导演pick的公寓品牌，高颜值、高品质、高效率,成都市,民宿,77,3270003,3270.00,雷航铭
这家啤酒仓，要给365天365种不同的精酿,南京市,餐饮,52,810000,810.00,杨明
一位大叔在千亩盐碱滩上种植梦想，四年后收获放心粮,北京市,农业,15,2331,233.10,王淦
小米投资的抖音洗手神器，10秒钟，让宝宝爱上洗手,杭州市,休闲,59,145726,7286.30,王冲
星也共享家，给有梦想的年轻人乌托邦式的生活,长沙市,民宿,18,729003,729.00,陈韦光
山水重庆，千年龚滩古镇，我在乌江百里画廊等你！,重庆市,民宿,52,2059003,2059.00,勾兴祖
乐仕尼儿童成长中心，一站式承包孩子的童年,北京市,休闲,35,1207002,1207.00,范博瑞
白鹿原，原上人未老 白鹿今犹在,西安市,农业,139,13750499,13750.50,林浩
有了这个宝贝，随时吃上《舌尖上的中国》里的腌笃鲜,杭州市,农业,61,5642,564.20,胡玲丽
央视都打call的五号山谷，现在邀你一起做谷主了！,张家界市,民宿,140,6525414,6525.41,陈玉林
夏知秋，年轻人指定的网红四果汤,厦门市,餐饮,64,1160001,23200.02,张英林
德甲官方盖章的猪肘子，又来了,黄浦区,餐饮,154,12045004,6022.50,蒋幼淳
东山岛金牌海钓团队，带你见识这片海域的644种野生鱼鲜,漳州市,餐饮,17,389193,19459.65,姚跃鹏
玉龙雪山下，寻找最初的丽江印象,丽江市,民宿,222,2912003,2912.00,苏力
夏天的味道，要吃过这14种葡萄才知道,淮安市,农业,118,2082006,4164.01,刘卫春
风靡日本300年健康烤炙料理，沪上炉端烧TOP3,徐汇区,餐饮,361,1480002,1480.00,陈佳
连央爸爸都来安利的青钱柳，不被“糖”塞的爱,杭州市,农业,698,389563,19478.15,廖文
中央厨房冷链配送，打造炸食界的“劳斯莱斯”,杭州市,餐饮,168,480002,960.00,孙姣
冲浪、音乐、酒吧，用一家民宿把梦想做到极致,三亚市,民宿,410,3667501,3667.50,吴竹
金海雪山上的自然营地，悬岩峭壁边的童年野趣,黔南布依族苗族自治州,休闲,244,2880008,2880.01,杨海东
京城三里屯内，诞生了一个匠人精神打造的美食联合王国,北京市,餐饮,139,980003,9800.03,章华晖
一头健康秀发，是变美的头等大事,广州市,休闲,640,54680,1093.60,谭文思
不管说走就走还是离家出走，居派都把你带回家,北京市,民宿,428,4890000,9780.00,何国建
惊动《中国国家地理》的恩施仙境，开了一家极美的民宿,恩施土家族苗族自治州,民宿,324,4270000,4270.00,殷昱萌
开罐即食的网红麻辣小海鲜，才是夏天零食正确的打开方式！,烟台市,农业,743,4200003,4200.00,顾殿兴
装满束河99%阳光的民宿，带你探索评分4.9的高入住率之谜,丽江市,民宿,296,2053200,2053.20,舒文华
让家里的座椅变成艺术品，把生活折叠成想要的样子,杭州市,休闲,1133,187339,9366.95,刘江华
互联网+智慧超市，开启社区智慧新生活,苏州市,休闲,411,3468057,3468.06,窦阳
共享别墅来了！在三亚与晓燕艺墅一起度个假,三亚市,民宿,382,4712003,4712.00,朱中哗
760个日夜的匠心之作，这座百年庭院要给你一场穿越时空的对话,黄山市,民宿,411,2960067,2960.07,朱相君
有个Ta，敢把海鲜市场搬进店里的“黑科技”餐厅,西安市,餐饮,391,2350002,23500.02,朱鹏前
拒绝成为佳沛供货商后，这颗猕猴桃做了亲子研学,杭州市,农业,633,2363069,2363.07,程德良
进贡泰国皇室的金枕榴莲，金黄软糯果肉饱满，不来一口此生遗憾,泰国,农业,1323,3657228,73144.56,刘林祥
在岛上的小屋，把民谣一句一句唱进梦里,青岛市,民宿,291,1684053,1684.05,陈浩
3万亩高寒牧场，拥有全球28%的珍稀白牦牛，隐藏着数万亿市场,武威市,农业,709,1878138,1878.14,陈龙
从线上到线下，酒牛炭炉打破传统点单模式，直击你的胃,上海市,餐饮,250,2400003,4800.01,张扶正
厦门这家科技美肤中心，漂亮的人都爱来,厦门市,休闲,60,330000,660.00,张飞雪
纳达瑜伽，了解我们身体的每一个小秘密,厦门市,休闲,293,4700058,4700.06,张美影
去坦桑，在非洲草原上再次绽放,坦桑尼亚,休闲,53,792851,1585.70,袁永任
封笔之作：择一事，终一生，探秘西藏唐卡的千年不褪,拉萨市,休闲,416,26010,2601.00,周婵
亚朵的茶，高山云雾，匠心跨界为你而来,怒江傈僳族自治州,农业,705,14120,706.00,耶律胤
锐向锻造轮毂，为你订制独一无二,台州市,休闲,193,268800,26880.00,姜义慧
这份很好吃的沙拉，做到了厦门沙拉界头牌,厦门市,餐饮,475,1014002,33800.07,卓毓炜
市区商圈中心自持物业，提供五星级全孕期一站式服务,兰州市,休闲,116,3200202,6400.40,陈大鹏
金陵悠山，在微风山谷里回归田园生活,南京市,民宿,291,1003055,1003.05,沙烨
40岁，我放弃公司所有业务，只为寻找真正的手作人,杭州市,休闲,509,19112,1911.20,朱富宾
拿过国家专利的海参才敢买,大连市,农业,417,4514,451.40,赵树全
老佛爷钦点的水晶杨梅了解下？白皙如玉，更甜更爽,绍兴市,农业,1315,117967,11796.70,侯立波
回忆的尽头，是桥边那幢小楼,黄山市,休闲,167,487501,2437.51,王东东
在漂亮这件事上，姿整汇做得漂亮,广州市,休闲,479,1875053,1875.05,杨靓
75%西湖龙井产自这个千年茶镇，好吃好玩的茶系度假，了解一下,杭州市,民宿,396,3630986,3630.99,郑红伟
超18°甜的“小傻瓜”，给你过个甜蜜六月,青岛市,农业,1057,401173,40117.30,崔荣华
0租金！在占地25335㎡的创意商业区，感受千年古城的风韵,枣庄市,休闲,93,1218000,121800.00,周玉鹏
佘诗曼在魔都的秘密基地，开辟中式按摩新场景,上海市,休闲,246,4000002,8000.00,杨敏
白马里，丽江古城仅有的清幽雅致之地,丽江市,民宿,284,2317508,2317.51,高杨
20年踏遍青藏高原，只为寻一朵野生食材,林芝市,农业,665,584560,29228.00,温向阳
远古冰川臻藏，守护母婴健康,北京市,农业,513,15507,1550.70,崔小飞
在翡翠大王的百年宅院，享受时光倒流,保山市,民宿,336,2547204,2547.20,罗燕
中医女神的新型中医馆，要做杭城zui美,杭州市,休闲,521,4880538,2440.27,李晓迪
五星级全护士母婴健康会所，与你共建百亿级新生市场,兰州市,休闲,250,18750128,18750.13,崔正旭
3000万客流入口的古城艺术餐厅，来自东巴秘境的生态礼物,丽江市,餐饮,751,6990002,1398.00,李兆西
距离神仙眷顾的避世秘境，只差一个尕那美朵,甘南藏族自治州,民宿,280,2700053,2700.05,张滨娜
在中国的「犹太区」，他拿下了东海边视野最好的山头,温州市,民宿,163,600002,600.00,郭文辉
这家闹中取静的客栈，唤起了每个人心中的曾经,武汉市,民宿,155,554000,554.00,林付彬
每次沐浴都是一段旅行,杭州市,休闲,1015,252273,12613.65,夏琛
每一枚龙窑柴烧建盏，凝聚30年匠心之作,南平市,休闲,537,53396,2669.80,施国英
拿过国家专利的贵妃鸡，养在13万平米的高山森林,龙岩市,农业,463,2423378,2423.38,雷金荣
净赚200W都不卖！江边破屋变美宅，携程评分4.9，零差评,黄山市,民宿,474,3150001,3150.00,吴增和
植物私塾，治疗你的“自然缺失症”,杭州市,休闲,388,57328,573.28,张新宇
一吸就停不下来的雀雀，带你见识渤海野生海鲜,烟台市,农业,592,4101930,136731.00,薛芳
100000+女生都在喝的网红酒，你不尝一下吗？,宿州市,农业,1015,556262,55626.20,吴信召
在西藏林芝，每个人都有一所自己的房子,林芝市,民宿,366,3098006,3098.01,樊敬芳
龙王村山谷里藏了家民宿，来过的人都说它是《武林外传》,湖州市,民宿,282,1310003,1310.00,王剑
世界游泳冠军强势打造水上早教中心，天生“泳”敢，注定不凡！,杭州市,休闲,134,3180005,636.00,吴鹏
2年内签约合伙100余家，一匹惊艳火锅界的“黑马”,成都市,餐饮,416,2520000,25200.00,冯明强
古早永乐村，发现走出杭州的更多惊喜,绍兴市,餐饮,121,1800002,1800.00,金大为
这家现象级的连锁烘焙品牌，要帮你开家优质烘焙店,苏州市,餐饮,50,3300000,33000.00,杜宇清
泰国皇家认证的理疗团队，一段涤荡灵魂的异国之旅,上海市,休闲,425,13720023,13720.02,董海盛
一个月打造爆款网红店，敢跟酒店大佬叫板的小微酒店,闵行区,民宿,288,3440002,3440.00,陈庆贵
靠谱大叔带着这家开到日本的日料品牌，又来了,上海市,餐饮,386,7450005,7450.01,王伟
让全民疯狂的创意密室，成了京城新宠！,北京市,休闲,171,667510,1335.02,刘彬
在海风中，体会厦门之美,厦门市,民宿,398,2160000,2160.00,柯小红
国家5A级景区中华恐龙园旁，你心中的梦幻城堡酒店,常州市,酒店,209,4489007,2244.50,田闯闯
姑苏老城中心，游人第一站，与拙政园为邻的小院,苏州市,民宿,455,1927402,1927.40,陈佳
17年来初心不变，只为这一碗匠心日式拉面,杭州市,餐饮,97,1305021,1305.02,林晨
品茶听琴，量体裁衣，旗袍业的“诚品书店”了解一下？,苏州市,休闲,745,4539559,4539.56,李晶峰
推窗只见满山苍翠，这就是向往的生活了,杭州市,民宿,437,750054,1500.11,郑航
藏于乌蒙群山千米海拔，古法耕种的“宝食”,昭通市,农业,859,1448332,48277.73,高云
天津市中心黄金C位，留阅胶囊酒店打开了中国胶囊酒店新市场,天津市,民宿,368,2110019,2110.02,袁帅
徐进 | 珠山八友王大凡的第四代传承人，把绘画当成一种信仰,景德镇市,休闲,17,146381,14638.10,徐进
每个人，都能成为骄傲的木匠,南京市,休闲,351,3433024,3433.02,陈磊
地球是圆的，眼镜是美的,厦门市,休闲,433,252440,5048.80,梁建阳
现实版「青丘仙境」，藏着一座开满花的水上行宫,文山壮族苗族自治州,民宿,302,3045000,3045.00,徐敏
在Crab，不用1000种夹娃娃攻略，就能变身满分男友,杭州市,休闲,330,920950,4604.75,夏禹胄
这个以传承为己任的高端品牌，让中国风跃然“指”上,南京市,休闲,82,390510,390.51,韩云宝
港式车仔面，吃一百碗都不够,广州市,餐饮,245,922512,922.51,容慧婷
北纬30°，海拔3100米，中国青藏高原的紫柰,林芝市,农业,676,203808,1019.04,陈烨
这个还原了古村落的民宿，「中国酒店业教父」魏小安都看好,郴州市,民宿,325,1860011,1860.01,罗逸航
70%的中国人都爱去的异国小城，多了一个会说中文的浪漫小村,清迈,民宿,369,8147777,8147.78,江晔
良食有机农场，把山河湖海搬进城市,深圳市,休闲,631,1800073,1800.07,唐忠
穿越百年的林间美味，花落寻常百姓家,巴中市,农业,905,74491,2483.03,罗勇
1600亩花海里，藏着一座属于现代人的“童话镇”,常州市,民宿,285,2834278,2834.28,蓝强凤
贵妃罗汉松，达官显贵的庭院常客,北海市,农业,567,4051720,135057.33,邵海华
国家级大剧院里唯一的甜品店，每一口都是最初的甜蜜,南京市,餐饮,289,1975000,9875.00,刘胜佳
有一张黄山名片，叫做喝牛奶听音乐的龙王潭石蛙,黄山市,农业,331,460005,460.01,王国勇
在蓬莱仙境，500亩苹果基地的产业链进阶之旅,烟台市,农业,899,5760050,1152.01,田春影
古功夫肩颈，中医理疗，不玩虚的,深圳市,休闲,183,1575003,1575.00,王超
引溪水来灌溉，铺松皮为土壤，生于山野的石斛来了,宁波市,农业,453,26647,2664.70,陈海波
苏堤晓月，曲院风荷，西湖边最隐世私家独院,杭州市,民宿,585,2259657,2259.66,陈卓
5000目细度专利，中国高端抹茶的味觉奥秘,宁波市,农业,329,31508,630.16,张唯勤
两年前我的苹果筹了100万，现在带着烟台大樱桃再次与大家见面,烟台市,农业,124,29373,2937.30,谢明
这杯富硒乌龙茶，从明清就已扬名,潮州市,农业,689,50686,1013.72,詹延安
北海道成吉思汗烧肉，升级2.0的角屋又来了！,上海市,餐饮,389,5060009,5060.01,颜超平
在海上第一名山，有一座美好的白房子,青岛市,民宿,424,2236001,2236.00,冯骏
杭城西湖边的儿童零售新场景，为天真探索可能！,杭州市,休闲,220,2683667,13418.33,魏力
领跑16年首创中国式度假村，武夷山德懋堂来了！,南平市,酒店,943,39375006,3937.50,卢强
宝翠，终于给了钟爱粤菜的人一个交待,南京市,餐饮,305,1770000,1770.00,钟崇育
在湖北的「莫干山」，我有一座面朝花海的小屋,黄冈市,民宿,610,5102716,5102.72,赖韵
大理椿山：人生再大，也大不过一个院子,大理白族自治州,民宿,417,3826803,3826.80,曾畅
全世界的色彩，装进一栋异国风情馆,厦门市,民宿,377,980000,980.00,张玮
有一种绽放，叫做在路上,不丹,休闲,753,1124037,2248.07,袁永任
这款至清至醇的沉香好茶，单闻闻就是享受,深圳市,农业,855,114936,1149.36,杜庭婷
大乐之野的10000种可能,杭州市,民宿,787,16184044,8092.02,刘丹
连续18年OFDC有机认证，仙山净土里的有机茶园,乐山市,农业,792,9010196,4505.10,贾思瑶
攻占吃货星球的苹果年轮蛋糕，这一次只为找寻甜蜜伴侣,金华市,餐饮,1006,11350000,113500.00,陈佩
专注儿童美发造型，海饼干一直被模仿，却从未被超越,成都市,休闲,80,1980003,3960.01,张颖
2700公里外的王菲主题民宿，你想来住吗？,丽江市,民宿,387,1820997,1821.00,郝轶男
这家年营收1000万+的宠物公园，颠覆你对宠物新零售的认知！,成都市,休闲,338,3735103,3735.10,陈利
告别繁复烹饪，让海参成为开袋即食的美味,大连市,农业,52,1409507,140950.70,林晓莉
在联合国都打call的德清，首家国际品牌酒店诺富特来了！,湖州市,酒店,713,13395006,6697.50,刘国栋
我在厦门，这里有宁静的海，治愈的蓝,厦门市,民宿,540,7230000,3615.00,蔡慧明
红色之爱，颠覆你对苹果的认知,青岛市,农业,797,6330099,12660.20,尹本强
香天下，百年火锅十年品牌的业界传奇,成都市,餐饮,48,9024000,90240.00,朱星全
在苍山洱海边，跌入130000㎡玫瑰深海,大理白族自治州,农业,846,2508674,2508.67,李虹丽
玛莲朵：从0到1个亿的美业搅局者,北京市,休闲,144,2501294,5002.59,周毅
空运一切鲜活食材，让甜惯了的魔都痛快辣,上海市,餐饮,160,780006,780.01,张劼宁
一万元迎娶颜匠工场，你来吗？,南京市,休闲,596,2920000,2920.00,鲁岚
走进她的圈子，就能拥有『睡后收入』,丽江市,民宿,83,725500,362.75,张清
一颗颗充满梦想与勇气的荔枝,海口市,农业,927,73558,1471.16,陈统奎
开业一年好评2千条，拿奖到手软的印象家出二期了,银川市,民宿,262,2225000,2225.00,潘鹏
京城人气爆表的餐厅串亭来了！让烤串和啤酒也能优雅地“狂欢”,北京市,餐饮,219,2115004,2115.00,丁一
去大理必打卡的“玫瑰小屋”，除了故事还藏着爆款美食,大理白族自治州,休闲,401,492971,4929.71,李铮龙
茅台镇380家酒厂，我一家家走过用“安全”甄选好酒,遵义市,农业,508,341688,17084.40,蒋玉龙
{时光甄选}十年破茧而出，我们都将绽放,苏州市,休闲,1788,11886019,23772.04,安丽
集结1000件手作良品，打造最具东方美学的生活空间,上海市,休闲,402,875000,1750.00,杨伟华
“人神共居”的独龙江，有种隐奢食材叫“羊肚菌”,怒江傈僳族自治州,农业,582,1276118,6380.59,杨文枝
如何优雅地吃一碗面，四爷牛拉告诉你,北京市,餐饮,206,1050010,1050.01,王金鹏
不只是健身房！魔都最潮的一站式健康空间，唤醒你的野蛮运动力,上海市,休闲,160,1320016,2640.03,臧超
深圳智派，地铁站旁边的长租公寓,深圳市,酒店,587,3700007,3700.01,李雅娟
中国美睫行业引领者，爱睫物语与帝都的美丽邂逅,北京市,休闲,47,1200003,2400.01,杨跃
睡进金庸笔下的沐王府，才是去大理的终极体验,大理白族自治州,民宿,235,1215007,1215.01,王群
低温科技果蔬干，好吃不胖星人福音,绍兴市,农业,864,2444178,12220.89,孟建宇
英卓未来公寓，用黑科技打造极致的智能酒店,西安市,民宿,476,11064059,5532.03,卑立新
白天吃西餐，晚上看演出，一家颠覆常规的live house,上海市,餐饮,289,2500011,5000.02,霍达
施华洛世奇 CYS DIY 体验店，打造个性化奢侈品,上海市,休闲,327,945100,1890.20,任全明
厦门，美在这里,厦门市,民宿,548,2980000,2980.00,杨夏玲
阳台变农场，他让千万白领实现向往已久的田园梦,上海市,休闲,604,4350013,8700.03,徐靖
泰山脚下的1000平米宝地，19个制造美梦的绝妙空间,泰安市,民宿,195,876199,876.20,郁金
在600个城市里，遇见2000家“中国味道的寿司”,上海市,餐饮,10,820000,1640.00,董玉友
全国独有的美腿spa，要在西安掀起一场“腿部革命”,西安市,休闲,271,920052,1840.10,朱洪翔
一朵白枇杷花的产业升级之路,宁波市,农业,895,11652785,11652.78,陈在西
在“广西的布达拉宫”旁，将岭南风韵藏入一家酒店,玉林市,酒店,198,1620030,810.01,卢春江
3年打造可以喝的护肤水！源于台湾的天然黑科技让女性安心变美,温州市,休闲,343,556387,5563.87,陈加
锄禾民宿，一个落在京都的梦,京都,民宿,301,1291949,1291.95,章琛
在九华仙境道场，开一家五星酒店,池州市,酒店,611,5236004,5236.00,方斌
守候鼓浪屿的万水千山,厦门市,民宿,596,8220001,8220.00,黄恒明
纯手工打造，几乎百分百回头客，这房子神了,青岛市,民宿,328,1725888,1725.89,毕学锋
G20严选茶油来了，快把“国宝”请上餐桌,衢州市,农业,798,7712952,77129.52,祝洪刚
滇池隔壁的这家酒店，还没开业就有10000人等着住,昆明市,酒店,383,3856004,3856.00,赵亚金
当入住率超90%的桔子水晶精选，走进一床难求的香格里拉,迪庆藏族自治州,酒店,537,7920002,2640.00,张从杰
瞄准千亿级颜值经济，帝都轻医美王牌V微一整来了,北京市,休闲,128,4850001,4850.00,王琛
一口鱼头泡饼，撩拨了你许久未被满足的味蕾,北京市,餐饮,255,1380000,2760.00,常凯
近亿年营业额的酒店集团，邀你来长沙享云上的日子,长沙市,酒店,376,6325583,3162.79,邓鹰
20分钟等于传统运动2小时？MIHA用科技颠覆运动世界！,成都市,休闲,154,1965002,982.50,张珺
雪宝顶山下，喂马劈柴，看尽四季繁华,阿坝藏族羌族自治州,民宿,351,2789870,2789.87,周晋近
加盟超过120家，这家美研室让美丽再次升级,福州市,休闲,223,621002,1242.00,陈灵
泰甜蜜：好水果，大家吃,厦门市,农业,1067,4166277,41662.77,苏志宏
五条人糖水铺，生意好得不像话！,厦门市,餐饮,1039,650001,32500.05,张永强
这家开在马化腾家门口的工作室，要做你健身路上的启蒙者,深圳市,休闲,173,940002,9400.02,郭尧
蜜丝卡伦，1.12万亿美业市场的“无冕之王”,成都市,休闲,325,2385050,2385.05,陈曦
十二舍，厦门环岛路的海边美宿,厦门市,民宿,591,2625009,2625.01,陈颖
在国家地理都打call的地方，有一个“诗人之家”,贵阳市,民宿,380,1000001,1000.00,伍开祥
领鲜生活2.0，开启生鲜零售新时代,上海市,餐饮,809,2256670,4513.34,邵渊
邂逅生美圈，医疗出身的我们，更懂您的肌肤,北京市,休闲,66,13186800,26373.60,王莉
当一片肉遇到它的伯乐，才有了这一份匠心日式烤肉,杭州市,餐饮,96,2046012,2046.01,郑黔勇
一个史诗性的文艺计划，一部金爵奖团队邀你出品的电影,杭州市,休闲,1449,345082,115.03,秦晓宇
「海外探味」提前预售33万箱，麦迪尔要做中国椰青大王,曼谷,农业,1506,5563339,5563.34,巫井伊
在成都5600㎡的锦城院子里，过着悠然南山的生活,成都市,民宿,460,4073495,2036.75,胡树忠
住在阳澄湖畔，春耕秋收，品茶吃蟹，给飞鸟写诗,苏州市,休闲,675,8127001,8127.00,顾敏杰
川菜界的一股清流，“私椒”甚好,北京市,餐饮,331,440005,880.01,张晨钰
一刻之间，唤醒深圳这座城,深圳市,休闲,353,5375000,5375.00,王方圆
高山古树间，给你烹一杯穿越百年的醇香红茶,景德镇市,农业,652,876295,1752.59,江建鸿
潮粤菜攻占北京市场空白，煲一锅粥香飘七里，一口就失了魂,北京市,餐饮,160,1020000,2040.00,王晖
消费众筹 | 哈佛建筑师爆改西湖边童年小屋，一扇门变出3间房,杭州市,民宿,272,70054,1401.36,戚山山
烤五花肉，要厚切的才好吃,北京市,餐饮,38,1040001,1040.00,杜娜
逃离北上广，拥抱杭州，一杯明前龙井就够了,杭州市,农业,242,21696,1084.80,孔燕婷
他是健身总教头，他教的学员遍布全国健身市场,广州市,休闲,291,260000,260.00,顾德超
古早永乐村，穿越岂止于舌尖,杭州市,餐饮,92,1780003,890.00,徐宏强
燕之谜，开启国货生物美肤新纪元,杭州市,休闲,66,1411121,14111.21,汪国忠
中国外卖界香锅品类的领头羊来了！还去什么食堂？,杭州市,餐饮,8,928000,9280.00,郭文斌
被多家美资基金盯上，这家公司为餐饮新零售重新下定义,南京市,餐饮,320,5350006,5350.01,吴皓
茶中茅台，里面藏的是500年的味道,杭州市,农业,777,1064600,53230.00,汤亮
一个柜，9个色，这是最撩妹的冰激凌棒冰,成都市,休闲,123,1230000,123000.00,鲁发明
这个有梦也有鹿的小院，专治100种抑郁症,丽江市,民宿,467,1215112,1215.11,崔琳
十万元，在上海开一家小店,上海市,民宿,474,16800000,16800.00,上海浦江宿集
百味千鳍，让舌尖去旅行,上海市,餐饮,413,625000,125.00,章祯
21年匠心征服郎朗，华夏良子二度盛放,北京市,休闲,200,3740097,748.02,史蕾
当西式快餐遇见中式小龙虾，帝都掀起一阵清新“龙虾风”,北京市,餐饮,347,1180005,2360.01,孔硕
石兴凯来了！中医美疗业的头牌老字号,深圳市,休闲,229,2570000,2570.00,石娜莎
三年来我们只做一件事，让顾客把健康与美味带回家,北京市,餐饮,264,2677506,2677.51,闫旭
出差也是美好假期，国际酒店 Holiday Inn来了！,兰州市,酒店,743,43081018,43081.02,崔正旭
千年古刹旁，让心与灵魂在山舍中找到归处,丽江市,民宿,345,2436000,2436.00,纪荣芬
火与海的交融，每一帧画面都是大片,北海市,民宿,547,2897038,2897.04,胡云振
在华东的香格里拉，偶遇一场畲族婚礼,丽水市,民宿,341,3069165,3069.16,蓝德华
肖全的秘境孤本，金川地界的“不虚此行”,阿坝藏族羌族自治州,休闲,526,86719,289.06,肖全
零广告投入，这家医美诊所竟然把客户留存率做到了95%,杭州市,休闲,347,5505584,11011.17,柴丹
这里是清代皇家猎场——木兰围场，逃离京津后自由驰骋的坝上草原,承德市,民宿,155,3139870,3139.87,王玲玲
一个摄影师和一个甜品师的家，许你一场有颜值的旅行,桂林市,民宿,407,6046333,6046.33,廖承霖
这家轻奢酒店开业即成网红，最in的年轻人都来这里秀自拍,昆明市,酒店,506,9275005,4637.50,Hotel秀团队
一根“正经”的黑玉米，八年后“刷黑”了农特圈,忻州市,农业,1111,4094261,8188.52,张世元
专注于亚洲人肌肤美白问题，理白为你而来,天津市,休闲,103,2132000,4264.00,于海岩
张永和大师设计的近亿上海豪宅，她竟然免费拿来开民宿,上海市,民宿,988,15494599,7747.30,王琴
成都有一所20000㎡的园林酒店，打造了东方风韵的宜居之所,成都市,酒店,490,7750190,3875.10,罗廖
他用一串烧烤，改变了魔都青年的社交方式，连明星都忍不住来吃,上海市,餐饮,296,2426593,4853.19,吴悠文
厦大门口的皮肤管理中心，用科技美翻一座城市,厦门市,休闲,171,760001,1520.00,林雪梅
女儿国背后的男人，在泸沽湖上打造了一座超大的庄园式酒店,丽江市,酒店,698,8561047,8561.05,宋虎
被评为中国好畲居的民宿，会让你想住一辈子！,丽水市,民宿,255,1125500,1125.50,毛荣岳
把红糖馒头做到东京，只是无双的第一个小目标,南京市,餐饮,79,10375000,10375.00,寇露娜
游走世界，倾心如野：偷得浮生一日，也当如那繁花于野,杭州市,民宿,654,6120024,3060.01,谢敦
瓷都技术宅复现宋代黑科技，让世界看见东方美,景德镇市,休闲,934,667217,3336.09,曾平
这份牛舌重新定义了烤肉，用10种极致吃法，引爆魔都餐饮圈,上海市,餐饮,394,2052007,2052.01,孙西洪
来这里，为你的陪伴加一层“甜蜜”,北京市,休闲,157,1760050,3520.10,银春川
春雷响起时，明月村7000亩雷竹精灵破土而出！,成都市,农业,1420,170061,1700.61,陈奇
厦门美丽海岸线，吃住一体的长租公寓,厦门市,酒店,372,1680027,1680.03,郑少琼
夜宿一家不卖弄情怀的酒店，在千年瓷都里品器物之美,景德镇市,民宿,401,672000,672.00,祝超
丽江客栈第一人大隐昆明：安坐百年老宅，时间轻若鸿毛,昆明市,民宿,505,2075977,1037.99,谢柠晟
这里有一只比脸还大的扇贝王，曾被无数明星、吃货疯狂打卡！,北京市,餐饮,193,970000,1940.00,唐本川
中国养发行业的独角兽，丝域来了！,北京市,休闲,1158,26104582,1243.08,陈英燕
炸食界的“劳斯莱斯”，直喊舌尖上的中国,杭州市,餐饮,23,2760000,5520.00,孙姣
这片树叶，来自千年景迈山，来自布朗公主,普洱市,农业,933,45982,919.64,小金选
两年狂开38家店，这家麻辣香锅，要做外卖界的“三只松鼠”,杭州市,餐饮,504,2480037,4960.07,郭文斌
这是一颗价值百万年薪的牛轧糖，足以让你私藏,上海市,餐饮,1038,18293,1829.30,于成龙
鱼缸咖啡 | 让一杯好咖啡成为日常，何必把精品挂在嘴上,南京市,餐饮,1283,107070,10707.00,秦冠华
稻芒建盏，来自故乡的暖心馈赠,南平市,休闲,939,63222,3161.10,林伟鹏
春到江南，我在江南，只一盏明前头采西湖龙井,杭州市,餐饮,817,11457,1145.70,董俊杰
傅氏秘灸：一个家族，3个秘方，700年的传承,宁波市,休闲,28,5600000,11200.00,傅宾平
菌中爱马仕，青藏高原羊肚菌,西宁市,农业,1035,81471,4073.55,管俊林
难道我们还要像错过梵高那样，再错过他吗？,北京市,休闲,456,33400,111.33,徐沛力
这杯来自长寿之乡的醇香老酒，宜和家人举杯共饮,南通市,农业,659,15210,760.50,陆炜炜
10000亩液体黄金，喝一口健康初榨橄榄油,凉山彝族自治州,农业,946,121659,6082.95,林春福
住进大昭寺旁的百年建筑，这个主人带你穿越喜马拉雅,拉萨市,民宿,494,2800038,5600.08,俞纯
融入山海之间的厦门超级民宿,厦门市,民宿,683,5725001,5725.00,李彩明
传承16代道医古法，用养生守护女人一世的芳华！,武汉市,休闲,499,1642657,1642.66,凃娟娟
红遍半个娱乐圈的KiKi面，原来是舒淇的初创品牌,上海市,餐饮,952,21791,2179.10,王申希
王思聪看上的医美界“新物种”,北京市,休闲,684,14042028,28084.06,靳鹏
“千年古茶园”民宿，一生必须住一回的地方！,西双版纳傣族自治州,民宿,426,1100008,1100.01,代俊
坐拥苍洱，和宿为家，洱海边第一幢Art Deco风格民宿,大理白族自治州,民宿,437,10195068,10195.07,邓华
和颜美帕，匠心守护，每一寸肌肤的自然之美,北京市,休闲,179,2320001,4640.00,侯跃
这一口食饼筒，尝到美味，吃出乡愁,杭州市,餐饮,109,795008,1590.02,行周末
长在丹霞山下的皇帝柑，真的好甜,韶关市,农业,874,3950068,7900.14,刘智勇
从大理到大阪，把“家”开到每一个美好的远方,大阪,民宿,716,2381603,4763.21,郭洁琳
琼浆玉液虎桥酒，复原2600多年前的神仙玉浆,荆州市,农业,728,247546,4950.92,李光华
法国人的甜蜜，融进厦门这座甜甜的海岛,厦门市,餐饮,758,390022,780.04,王菲
不能看电影的ktv不是好酒吧，进入这里打开最in的潮人夜生活,广州市,餐饮,158,875001,875.00,王正
在帝都，RASS13区打造一个全新的娱乐方式,北京市,休闲,41,1258403,1258.40,李鑫
春草芬芳，鼓浪屿人的无问西东,厦门市,民宿,659,5049121,5049.12,许多康
粉粉嫩嫩的小啾啾奶茶，少女们的最爱,上海市,餐饮,325,1900641,3801.28,马凯杰
对标超级物种，BEER PLUS掀起精酿市场新零售旋风,上海市,餐饮,540,3181140,6362.28,程鹏
我知道，你会爱上我,咸阳市,农业,816,20791,2079.10,田硕
上过国宴的河龙贡米，这次拿出来众筹了,三明市,农业,909,860609,860.61,廖伙金
屹立魔都八年的Xibo，以“不传统”演绎“最传统”的新疆菜,上海市,餐饮,215,2650000,530.00,郭新瑞
来吧，和Brew Bear一起来一场精酿革命！,上海市,餐饮,59,1292000,2584.00,黄竞进
TUTU扩香瓷，载着植物灵魂的白舞裙，把自然带回生活,上海市,休闲,315,21994,4398.80,倪莫
西子湖畔，邀你品尝开春第一泡明前西湖龙井,杭州市,农业,537,137192,6859.60,张万虎
千岛湖除了鱼头，还有这感动无数人的妈妈味道,杭州市,餐饮,305,5404012,5404.01,郑俊
这颗枣界“姚明”，敢向毛乌素沙漠要绿洲,银川市,农业,843,6275651,12551.30,张中亮
好山好水出好果，一藤一玉网纹瓜,江门市,农业,506,768732,1537.46,苏冠勇
传承近百年、四代人的坚持，只为打造一只味道纯正的酱鸭,福州市,餐饮,337,1063341,2126.68,陈公一
她开了40多家店后，又联合泰国主厨和尚作有机，再次让人惊艳,成都市,餐饮,194,2760067,2760.07,李晓
在北回归线“最大的绿洲”，回到人类的童年,普洱市,民宿,203,8192000,8192.00,陈瑶
亚洲TOP10先锋俱乐部，ARKHAM2018千人音乐现场,上海市,餐饮,225,3375594,3375.59,邵渊晟
云水谣，一半是溪水，一半是土楼,漳州市,民宿,276,3302815,3302.81,周蜜
和SaladBox一起重新定义主食沙拉,上海市,餐饮,150,900541,900.54,沈乔路
我有一壶酒，足以慰风尘,遵义市,农业,659,52126,1042.52,徐章富
“浙”里的年味有点正！,杭州市,农业,864,8267,4133.50,浙江年味
雪山下的房子，开满鲜花，装满月光。住上一天，便会想念一辈子,丽江市,民宿,360,2127388,2127.39,吴小锋
莱宝历嗨了—— 打着酒嗝儿的狗年日历,上海市,餐饮,460,90840,4542.00,陈喆
广州排名TOP5的蔻舍SPA，值得打卡！,广州市,休闲,237,2440001,2440.00,王姗姗
华人设计界“生活禅”第一人，于百年老宅再造禅境,苏州市,民宿,344,1852690,1852.69,何武贤
泰国芭提雅的神秘旅行，在“东方夏威夷”度一个盛夏,泰国,民宿,143,895050,1790.10,周鑫
以橙为信，寄我寸心,宜昌市,农业,651,23568,2356.80,周翠玲
《琅琊榜之风起长林》联名款冰激凌，引得江疏影都来打卡,北京市,餐饮,415,10513,1051.30,李晓薇
一碗甘净火山岩板米，才是新年好开始,牡丹江市,农业,478,201160,1005.80,肖剑
集美貌与才华一体的美业新时代--颜匠工场,南京市,休闲,720,46675000,46675.00,鲁岚
在佛和诗仙都流连的地方，朝闻佛法、夜嗅茶香,池州市,民宿,438,11668218,11668.22,张泽琴
这杯令沪上青年疯狂的潮咖，要做咖啡界的“喜茶”,上海市,餐饮,615,3991040,3991.04,周潇轶
大茜小点，开启亲子综合空间新体验！,温州市,休闲,119,8800001,88000.01,陈君君
Hi，Rice To Meet You!从米开始,上海市,农业,838,1514915,151491.50,常轩宁
秋果酒店开年之作，在798艺术区享受近在咫尺的愉悦,北京市,酒店,513,28997538,9665.85,刘伟
尽享城市美好，住麦吉，自然有趣,长沙市,酒店,283,8020129,8020.13,罗琦
食天然牧草，饮昆仑雪水，高原藏牦牛驾到,西宁市,农业,803,510692,5106.92,郭强
在闹市打造一座城堡，藏着爱与幻想,杭州市,餐饮,393,5625407,2812.70,陈超
在一座海岛，过市井生活，也过诗与远方。,厦门市,民宿,599,2831487,2831.49,许敏奇
逃离北京雾霾，潜入这座森林氧舱做真正的“有氧运动”,北京市,休闲,150,3050008,6100.02,赵雨思
这家开在深圳的柔软花房，让每个人慢下来，看见美,深圳市,休闲,526,2325060,2325.06,黄艳丽
打破城市居住隔阂，与Paires一起生活,成都市,民宿,377,9165880,4582.94,郑超
这一口火锅，可以吃出文气和江湖气两种气度,西安市,餐饮,46,570006,1140.01,陶维锋
伽颜医美，让你遇见更美的自己,杭州市,休闲,363,2953744,1476.87,林笑燕
小朋友爱去的地方，都有小野家,珠海市,民宿,367,5535351,5535.35,吴中来
菩提山间，不问四季,杭州市,民宿,875,19469517,9734.76,宋震华
上海这家微酒店，美得让人很舒服,上海市,民宿,682,3835000,3835.00,于飞
天地仙草，幻化成“鸡”,宁波市,农业,661,1158590,23171.80,叶正宗
U HOTEL，创造非凡体验,青岛市,酒店,740,15612177,7806.09,惠子效
来自北纬37°的金苹果，身披金缕衣，怀揣冰糖心,烟台市,农业,788,35068,3506.80,林尧东
六甲团队助攻90后创业者，告诉你青年民宿该怎么玩儿,长沙市,民宿,226,3781047,3781.05,冯杨
千万不要来霞浦，不然你一定会迷上这片海,宁德市,民宿,441,9750976,4875.49,何伏浙
hiyoga，你好瑜伽，跟厦门打声招呼,厦门市,休闲,476,2375000,2375.00,王强
这里除了Rock，还有现场制作的意大利披萨,武汉市,餐饮,172,1650000,3300.00,徐帆
山里有风，海边有云，城中有北山,珠海市,酒店,413,2610499,1305.25,薛文
「海外探味」马来西亚老树猫山王，攻占味蕾最后一道防线,马来西亚,农业,1143,2141656,42833.12,巫井伊
电影《泰囧》里的一段秘境之旅，一路向南去清迈,泰国,酒店,331,1622615,3245.23,朱艳凯
比民宿更自然，比酒店更舒适的帐篷营地！,杭州市,民宿,550,2000500,1000.25,唐晓丹
始于清朝的一块肉，“难弄”到出了名,金华市,农业,1005,551414,27570.70,黄群
静园瑜伽：不负呼声的三度来袭,杭州市,休闲,469,5793787,5793.79,舒天
这间佛系茶米民宿，开在武夷仙山脚下,南平市,民宿,173,801005,1602.01,郑珠珍
你一定会迷上这颗自在生长的黄心,杭州市,农业,670,697348,697.35,杨芳
你睡过山，睡过海吗？我只睡过云,杭州市,民宿,912,22531772,11265.89,廖敏智
莫干山最FUN的度假体验，我都给你设计好了,湖州市,酒店,599,7714101,3857.05,姚江波
三十六峰，九十九岩，独取一枞岩骨花香,杭州市,餐饮,820,63591,6359.10,董俊杰
用极致，揭开传统日料面纱,南京市,餐饮,169,1081440,1081.44,张吉
大张伟说：这是全中国晒太阳最好的地方,北京市,民宿,548,4446009,2223.00,杨一星
没有任何添加的海岛好味，是厦门人心头的小欢喜,厦门市,休闲,1318,507344,5073.44,黄恒明
两可间，见山见水见艺术，见到另一个自己,淮安市,民宿,268,1932602,1932.60,张晶萍
想要吃地道的湖北菜？“沪部巷”来满足你的味蕾,上海市,餐饮,302,1053213,1053.21,周志刚
被云湖竹海环绕的天然氧吧中，有你另一个家,无锡市,民宿,145,805594,1611.19,丁俊
分男女性别的健康沙拉，吃得对才没白练,北京市,餐饮,109,2430001,4860.00,来雨萍
云水姑娘，吃与不吃，你都会思念她,北京市,餐饮,172,1681776,3363.55,张红径
不要将就，你的每一餐都值得被用心对待,上海市,餐饮,59,8429607,84296.07,陈芝余
一半传统，一半创新，复刻或创意，只为那记忆中的味道,上海市,餐饮,187,460000,920.00,顾峻
王功权再度出山，打造青普人文度假“新物种”,扬州市,民宿,300,107996272,53998.14,王功权
让你的宝宝吃到，国际影星和奥运冠军投资的婴儿食品,上海市,农业,642,610319,61031.90,肖波
承天，点燃中药“黄精”食代,南平市,农业,718,65209178,6520917.80,傅驿钦
我用杯子蛋糕迷倒万千小仙女，引得何穗、徐娇都前来打卡,上海市,餐饮,370,5650018,5650.02,曹玲
踏入无国界美食空间，一不小心环游了世界,北京市,餐饮,340,13800000,27600.00,潘行雷
人人需要，兼具良心，是为“食”,上海市,餐饮,98,9202820,92028.20,杨丽萍
这家独立咖啡馆在重新诠释“去咖啡馆”的意义,北京市,餐饮,70,946196,1892.39,周玥
小竹鼠啃出“大钱途”,西双版纳傣族自治州,农业,523,742362,7423.62,岩依班
位于北纬23.5°神秘花香地带的英德红茶，重拾昔日的皇冠,清远市,农业,781,4997688,49976.88,李启村
这个道系摇滚青年，在半山腰上建一个互联网基地民宿,杭州市,民宿,365,2211063,1105.53,周伟杰
我用14年打造一盆最夯的黑鱼，征服不爱吃辣的杭州人民,杭州市,餐饮,107,1995004,1995.00,艾斐
熬不如疯，乖不如浪，怀抱不如癫狂，好歹无双在匠村·卧香,南京市,民宿,346,2641777,1320.89,邵颖萍
重庆超有态度的创意川菜，慰藉你挑食的胃，治愈你奔忙的心,重庆市,餐饮,93,360009,720.02,祝燕
